"","RA.L_N","RA.H_N","RA.H_J","RA.L_J","RB.L_N","RB.H_N","RB.H_J","RB.L_J","RC.L_N","RC.H_N","RC.H_J","RC.L_J","RD.L_N","RD.H_N","RD.H_J","RD.L_J","RE.L_N","RE.H_N","RE.H_J","RE.L_J","S1.L_N","S1.H_N","S1.H_J","S1.L_J","S2.L_N","S2.H_N","S2.H_J","S2.L_J","S3.L_N","S3.H_N","S3.H_J","S3.L_J","S4.L_N","S4.H_N","S4.H_J","S4.L_J","S5.L_N","S5.H_N","S5.H_J","S5.L_J","S6.L_N","S6.H_N","S6.H_J","S6.L_J","S7U.L_N","S7B.L_N","S7U.H_N","S7B.H_N","S7U.H_J","S7B.H_J","S7U.L_J","S7B.L_J","S8U.L_N","S8B.L_N","S8U.H_N","S8B.H_N","S8U.H_J","S8B.H_J","S8U.L_J","S8B.L_J"
"Acanthogobius flavimanus",12,0,16,24,38,0,117,24,202,233,0,71,85,79,516,506,73,0,188,607,0,188,0,40,0,0,0,165,0,0,195,0,0,0,0,0,0,0,57,102,117,0,0,0,0,0,0,0,191,0,21,161,0,0,0,0,0,0,0,0
"Acanthopagrus latus",161,13,0,0,430,135,0,0,422,734,0,13,365,54,28,235,396,630,176,0,0,0,2414,1208,0,479,2295,1119,13,221,2154,154,0,0,566,242,175,0,893,543,0,0,291,154,0,392,0,0,756,0,243,862,0,0,0,0,0,0,0,0
"Acanthopagrus sp.",602,74,566,1011,1639,776,1197,2240,4908,7754,273,4511,1851,1645,5602,7169,3680,3357,6446,6184,4703,4115,8217,4320,394,4818,5012,2853,36,7120,8355,1609,0,6594,2890,4664,809,0,2908,2350,4570,5476,2295,1926,752,2355,0,0,5060,5603,1754,2571,2032,397,1606,472,2781,2859,2069,2183
"Acentrogobius pflaumii",0,0,0,0,0,0,0,0,0,0,0,120,48,852,810,871,231,1700,1768,569,5186,4077,9815,2795,6047,8458,7149,2593,74,3691,2697,2006,0,3488,2337,569,793,0,6517,4825,7738,3629,534,1073,1323,854,40,0,511,1661,2695,3246,0,0,322,0,0,124,0,0
"Anguilla japonica",96,30,341,77,110,82,200,96,290,287,189,46,90,0,63,213,155,111,101,45,0,97,0,0,0,0,123,0,0,0,0,0,0,0,115,0,0,0,94,0,0,238,0,0,0,0,0,0,0,0,0,0,0,0,0,0,0,0,0,0
"Arothron firmamentum",0,0,0,0,0,0,0,0,0,0,0,0,0,0,0,0,0,0,0,0,465,68,0,0,0,0,0,0,0,0,0,0,0,0,0,0,0,0,0,0,0,0,0,0,0,0,0,0,0,0,0,0,0,0,68,0,0,0,0,0
"Benthosema pterotum",0,0,0,0,0,0,0,0,0,0,0,0,0,0,0,0,0,0,0,0,0,0,0,0,0,0,0,0,0,0,0,0,0,0,96,30,0,0,44,0,0,0,0,0,0,0,0,0,49,0,0,0,0,0,201,245,287,486,1538,2052
"Beryx splendens",34,0,2047,861,0,14,994,2192,60,0,1449,419,35,0,0,929,44,0,0,381,0,0,0,0,0,0,0,0,0,0,0,0,0,0,0,0,0,0,0,0,0,0,0,0,0,0,0,0,0,0,0,0,0,0,0,0,0,0,0,0
"Callogobius tanegasimae",0,0,0,0,0,0,0,0,0,75,0,0,0,0,0,0,22,0,0,0,0,0,0,0,0,0,0,0,0,0,0,0,0,0,0,0,0,0,0,0,0,0,0,0,0,0,0,0,0,0,0,0,0,0,0,0,0,0,0,0
"Canthigaster rivulata",0,0,0,0,0,0,0,0,0,0,0,0,0,0,0,0,0,0,0,0,205,0,0,0,0,0,0,0,0,0,0,0,0,0,0,0,0,0,0,0,0,0,0,0,0,0,0,0,0,0,0,0,206,0,0,0,0,0,0,266
"Caranx heberi",0,0,0,0,0,0,0,0,0,34,0,0,0,0,0,0,0,0,0,0,0,0,0,0,0,0,0,0,0,0,0,0,0,0,0,0,0,0,0,0,0,0,0,0,0,0,0,0,0,0,0,0,0,0,0,0,0,0,0,0
"Caranx ignobilis",0,0,0,0,0,0,0,0,0,24,0,0,0,0,0,0,0,0,0,0,0,0,0,0,0,0,0,0,0,0,0,0,0,0,0,0,0,0,0,0,0,0,0,0,0,0,0,0,0,0,0,0,0,0,0,0,0,0,0,0
"Caranx papuensis",0,0,0,0,21,0,0,0,0,0,0,0,0,0,0,0,0,0,0,0,0,0,0,0,0,0,0,0,0,0,0,0,0,0,0,0,0,0,0,0,0,0,0,0,0,0,0,0,0,0,0,0,0,0,0,0,0,0,0,0
"Caranx sp.",0,11,0,0,16,22,0,0,0,210,0,0,30,0,0,0,0,95,0,0,0,0,0,0,0,0,0,0,0,0,0,0,0,0,0,0,0,0,0,0,0,0,0,0,0,0,0,0,0,0,0,0,0,0,0,0,0,0,0,0
"Carassius spp.1",0,0,0,0,0,0,0,0,0,0,0,0,0,0,0,0,0,0,0,0,0,0,0,0,0,0,0,0,0,0,0,0,0,0,0,0,0,0,0,0,0,0,0,0,161,0,0,0,0,0,0,0,0,0,0,0,0,0,0,0
"Chaenogobius annularis",0,0,0,0,0,0,0,0,0,0,0,0,0,0,0,99,0,0,145,148,0,0,0,47,0,0,0,0,0,35,291,430,0,0,16,0,0,0,0,69,0,0,250,25,0,0,0,0,312,0,0,0,0,0,0,0,0,0,0,0
"Chaetodontoplus sp.",0,0,0,0,0,0,0,0,0,0,0,0,0,0,0,0,0,0,0,0,0,0,0,0,0,0,0,0,0,0,0,0,0,0,0,0,0,0,0,0,0,0,0,0,0,0,0,0,0,0,0,0,258,0,745,0,0,0,0,0
"Cheilodactylus sp.",0,0,0,0,0,0,0,0,0,0,0,0,0,14,0,0,0,0,0,0,0,142,201,70,0,0,0,0,0,0,0,28,0,449,123,12,0,0,249,0,641,0,0,47,505,54,0,0,103,0,0,110,0,377,531,419,0,94,0,0
"Chelidonichthys sp.1",0,0,0,0,0,0,0,0,0,0,0,0,0,11,0,0,0,0,0,0,0,0,0,0,0,0,0,0,0,388,0,0,0,0,0,0,0,0,0,0,86,0,0,0,0,651,0,0,0,0,0,0,0,0,0,0,0,0,0,0
"Chelon affinis",0,0,0,10,0,0,0,0,0,0,0,23,0,54,0,147,0,0,0,223,0,0,0,0,0,0,76,72,0,0,0,0,0,0,0,0,0,0,0,0,0,0,0,0,0,0,0,0,212,0,0,0,0,0,0,0,0,0,0,0
"Cociella crocodila",0,0,0,0,0,0,0,0,0,0,0,0,0,0,0,0,0,0,0,0,0,0,0,0,0,0,0,0,0,0,0,0,0,0,0,0,0,0,0,0,0,0,0,0,0,0,0,0,0,0,0,0,292,0,0,0,0,0,44,0
"Ctenopharyngodon idella",0,12,79,14,0,96,137,18,92,59,45,0,48,22,0,62,47,0,83,12,0,0,0,0,0,0,0,0,0,0,0,0,0,0,0,0,0,0,0,0,0,0,0,0,187,0,0,0,0,0,0,0,0,0,0,0,0,0,0,0
"Cyprinus carpio",4062,3354,53217,7795,14547,16963,39773,8365,13989,6791,49389,4294,9098,1491,2316,13195,10531,4046,2604,21773,601,185,719,2420,0,500,154,1000,0,0,489,459,0,0,460,76,881,0,167,861,3110,116,177,79,1590,853,0,0,2015,595,274,264,0,0,0,0,0,0,0,0
"Dasyatis akajei",0,0,0,0,0,0,0,0,0,0,0,0,0,0,0,0,0,0,0,0,0,0,0,0,0,10,0,0,0,0,0,0,0,0,0,0,0,0,0,0,0,0,0,0,0,0,0,0,0,35,0,0,0,0,0,0,45,0,0,0
"Decapterus maruadsi",0,0,0,0,0,0,0,0,0,0,0,0,0,0,0,0,0,0,0,0,0,0,24,28,0,0,0,0,0,0,0,0,0,0,0,0,0,0,0,52,50,0,0,0,0,0,0,0,0,0,0,31,0,0,0,251,0,0,0,0
"Diaphus watasei",0,0,0,0,0,0,0,0,0,0,0,0,0,0,0,0,0,0,0,0,0,0,0,0,0,0,138,0,0,0,0,0,0,0,0,0,0,0,0,0,0,0,0,0,0,0,0,0,0,0,0,60,0,0,0,111,322,0,0,0
"Dictyosoma burgeri Form a",0,0,0,0,0,0,0,0,0,0,0,0,0,77,578,601,64,0,177,353,0,0,0,0,0,0,74,0,0,187,106,615,0,0,0,34,0,0,0,0,290,0,114,0,0,0,0,0,312,147,26,46,0,0,0,0,0,0,0,0
"Dictyosoma rubrimaculatum",0,0,0,0,0,0,0,0,0,0,0,0,0,31,38,0,0,0,0,0,0,0,310,0,0,0,55,59,0,0,834,23,0,600,0,317,0,0,857,222,0,0,91,72,0,0,0,0,562,248,223,241,0,0,28,0,0,0,0,0
"Ditrema sp.1",0,0,0,0,0,0,0,0,0,124,0,0,19,94,0,0,21,234,0,0,0,883,0,0,56,2643,0,0,0,4435,0,0,0,1073,0,0,0,0,0,0,1780,1903,0,0,459,606,0,0,0,0,0,0,279,0,0,142,0,0,0,0
"Eleotris oxycephala",0,0,0,0,0,75,0,0,0,0,0,0,15,0,0,74,0,0,0,0,0,0,0,0,0,0,0,0,0,0,0,0,0,0,0,0,0,0,0,0,0,0,0,0,0,0,0,0,0,0,0,0,0,0,0,0,0,0,0,0
"Eleotris sp.",0,0,0,0,0,0,0,0,0,0,0,0,0,0,0,11,0,0,0,0,0,0,0,0,0,0,0,0,0,0,0,0,0,0,0,0,0,0,0,0,0,0,0,0,0,0,0,0,0,0,0,0,0,0,0,0,0,0,0,0
"Engraulis japonicus",0,0,0,0,12,72,0,0,93,108,0,0,122,266,0,0,142,1105,0,0,6176,2637,1194,286,803,2930,354,12,0,560,323,0,0,265,140,80,1123,0,222,183,2009,2079,167,112,1432,896,0,0,275,3395,521,703,6785,3486,2204,4398,146,515,1132,347
"Epinephelus sp.",0,0,0,0,0,0,0,0,0,0,0,0,0,95,0,0,0,0,0,0,0,0,0,0,0,0,0,0,0,0,0,0,0,0,0,0,0,0,0,0,0,145,0,0,0,0,0,0,0,0,0,0,0,0,0,0,0,0,0,0
"Equulites rivulatus",0,0,0,0,0,0,0,0,0,0,0,0,0,0,0,0,0,0,0,0,279,174,0,0,0,0,328,82,0,154,248,0,0,0,80,132,101,0,0,169,0,426,107,11,0,427,0,0,419,342,112,366,0,0,212,0,0,108,708,236
"Etrumeus teres",0,0,0,0,10,0,0,0,0,0,0,0,0,0,0,0,0,0,0,0,0,0,285,34,0,0,203,54,0,0,66,0,0,0,25,45,87,0,0,80,0,0,0,19,144,185,0,0,0,0,0,79,0,0,0,0,0,200,0,436
"Eviota abax",0,0,0,0,0,0,0,0,0,0,0,0,0,0,0,0,0,0,0,0,0,0,0,0,0,0,0,70,0,0,0,0,0,0,0,0,0,0,0,0,0,0,0,119,0,0,0,0,13,0,0,0,0,0,0,0,0,0,0,0
"Evynnis / Dentex",0,0,0,0,0,0,0,0,0,0,0,0,0,0,0,0,0,0,0,0,0,141,72,0,0,0,0,0,0,0,50,0,0,0,0,0,0,0,58,0,259,0,0,32,0,29,0,0,0,264,0,0,0,0,75,660,281,0,650,803
"Favonigobius gymnauchen / Acanthogobius lactipes",108,27,1652,35,517,170,665,90,609,257,578,107,403,66,93,251,509,259,270,633,0,0,0,0,0,0,107,252,0,0,0,140,0,0,23,28,0,0,56,0,17,0,0,45,53,0,0,0,0,0,0,0,0,0,0,0,0,0,0,0
"Favonigobius sp.",0,0,0,0,0,0,0,0,0,0,0,0,0,0,0,0,0,0,0,0,0,190,0,0,0,0,0,0,0,0,0,373,0,265,0,0,0,0,0,0,0,0,0,0,0,0,0,0,0,0,0,0,0,0,0,0,0,0,0,0
"Gadus sp.1",13,0,0,0,0,0,0,0,29,0,0,0,35,0,0,0,21,0,0,0,0,0,0,0,0,0,0,0,0,0,0,0,0,0,0,0,0,0,0,0,0,0,0,0,90,0,0,0,0,0,0,0,0,0,0,0,0,0,0,0
"Gerres equulus",10,0,0,0,0,0,0,0,46,17,0,0,0,0,0,0,0,0,0,0,0,0,0,0,0,0,0,0,18,0,0,0,0,0,0,0,0,0,0,0,0,0,0,0,0,0,0,0,0,0,0,0,0,0,0,0,0,0,0,0
"Gerres filamentosus",16,0,45,0,0,29,0,70,29,0,0,11,0,0,0,0,12,0,0,0,0,0,0,0,0,0,0,0,0,0,0,0,0,0,0,0,0,0,0,0,0,0,0,0,0,0,0,0,0,0,0,0,0,0,0,0,0,0,0,0
"Girella punctata",0,0,0,0,0,0,24,0,0,0,0,14,12,47,678,690,17,488,818,582,0,204,511,670,0,0,551,353,0,964,1169,303,0,325,301,552,0,0,140,101,375,0,629,100,0,564,0,0,1006,1521,365,920,7704,1875,24011,15911,2767,938,1979,2574
"Glossogobius olivaceus",0,0,0,0,0,0,0,0,19,37,0,0,0,0,0,0,18,0,0,0,0,0,0,0,48,0,0,0,0,0,0,0,0,0,0,0,0,0,0,0,0,0,0,0,0,0,0,0,0,0,0,0,0,0,0,0,0,0,0,0
"Gymnogobius sp.",0,0,275,88,51,0,93,131,81,107,95,108,62,26,182,272,21,0,24,336,0,0,0,0,0,0,0,21,0,0,136,0,0,0,0,0,0,0,0,0,0,0,0,0,0,14,0,0,0,0,0,0,0,0,0,0,0,0,0,0
"Gymnothorax sp.",0,0,0,0,0,0,0,0,0,0,0,0,0,0,0,0,0,0,0,0,0,0,0,0,0,0,0,0,0,0,0,0,0,0,0,53,0,0,0,0,0,0,176,27,0,0,0,0,0,0,0,0,0,0,334,0,0,0,0,0
"Halichoeres poecilopterus",0,0,0,0,0,0,0,0,0,0,0,0,0,0,0,0,0,0,94,0,0,0,0,0,30,0,69,0,0,0,0,0,0,941,0,0,0,0,0,94,128,292,0,77,0,0,0,0,67,242,0,0,251,747,115,116,0,0,0,586
"Halichoeres tenuispinis",0,0,0,0,0,0,0,0,0,0,0,0,0,0,0,0,0,0,0,0,0,0,0,0,0,0,0,0,0,0,0,0,0,0,0,0,0,0,0,0,0,0,0,0,0,0,0,0,0,0,0,0,339,47,0,135,0,0,0,0
"Harpadon microchir",0,0,0,0,0,0,0,0,0,0,0,0,0,0,0,0,0,0,0,0,0,0,0,0,0,0,0,0,0,0,0,0,0,0,0,0,0,0,0,0,0,0,0,0,0,0,0,0,0,0,0,0,0,52,0,0,0,0,0,0
"Hexagrammos sp.1",0,0,0,0,0,0,0,0,0,0,0,0,0,28,0,0,0,367,0,0,0,0,0,0,0,0,0,0,0,0,0,0,0,988,0,0,0,0,0,0,0,0,0,0,0,0,0,0,0,0,0,0,145,0,95,0,0,0,0,0
"Hyporhamphus sajori",0,0,152,207,0,0,62,597,0,0,92,89,0,0,118,17,0,0,231,0,0,0,0,0,0,0,0,82,0,0,102,113,0,0,100,0,0,0,136,0,0,0,0,13,0,75,0,0,50,0,255,74,0,0,0,0,0,0,0,0
"Inimicus japonicus",0,0,0,0,0,0,0,0,0,0,0,0,0,0,0,0,0,0,10,0,0,0,0,31,0,0,0,0,0,0,0,0,0,0,0,0,0,0,0,0,0,0,0,0,149,0,0,0,77,0,22,53,0,0,0,0,0,0,0,0
"Istigobius campbelli",0,0,0,0,0,0,0,0,0,0,0,0,0,0,0,0,0,0,112,0,0,685,208,116,0,0,0,33,0,98,140,38,0,0,77,11,0,0,93,0,0,0,73,0,0,459,0,0,0,0,38,0,0,0,0,0,0,0,0,0
"Istigobius hoshinonis",0,0,0,0,0,0,0,0,0,0,0,0,0,0,0,0,0,0,0,0,0,0,116,869,0,0,0,36,0,0,0,0,0,0,210,0,0,0,0,0,0,0,0,33,0,0,0,0,121,0,0,0,0,48,0,0,0,0,0,0
"Jaydia lineata",0,0,0,0,0,0,0,0,0,0,0,0,0,0,0,0,0,0,0,0,0,0,0,0,0,0,0,0,0,0,0,0,0,0,0,0,0,0,0,0,56,0,0,0,87,0,0,0,0,0,36,0,0,0,0,0,0,0,0,0
"Katsuwonus pelamis",0,0,0,0,14,0,0,0,12,22,30,0,0,0,0,0,0,0,0,0,0,0,0,0,0,0,0,0,0,0,0,0,0,0,0,0,0,0,0,0,0,0,0,0,0,0,0,0,0,0,0,0,0,0,0,0,0,0,0,0
"Konosirus punctatus",959,52,0,0,951,1095,0,23,1325,2305,0,0,882,673,1455,466,1087,1498,901,531,2656,1156,462,405,9664,7192,514,2388,21,4420,1601,580,0,34712,1556,1886,1369,0,378,471,11674,4276,206,1425,3625,3981,12,0,826,133,679,745,0,64,104,0,0,100,0,145
"Kuhlia marginata",0,0,0,0,0,0,0,0,0,36,0,0,0,0,0,0,0,0,0,0,0,0,0,0,0,0,0,0,0,0,0,0,0,0,0,0,0,0,0,0,0,0,0,0,0,0,0,0,0,0,0,0,0,0,0,0,0,0,0,0
"Lagocephalus sp.",0,0,0,0,0,0,0,0,0,0,0,0,0,0,0,0,0,0,0,69,0,87,0,147,22,0,84,154,287,0,127,0,0,0,90,0,0,0,357,17,810,0,0,30,0,171,0,0,53,122,0,42,0,0,0,0,0,0,0,0
"Lateolabrax japonicus",569,27,878,806,1301,400,566,919,1891,2831,422,2046,1565,1372,3249,3525,1214,1778,4390,3512,951,0,12944,6706,377,19,16048,4001,0,0,12430,1226,0,0,11477,3082,263,0,11530,5683,1124,589,4724,1948,372,1182,0,0,10122,18221,4322,6582,100,0,754,620,35204,17069,35912,23479
"Lateolabrax latus",0,0,0,0,0,0,0,0,0,0,0,0,45,0,0,0,17,0,0,0,0,0,0,0,83,0,37,0,0,0,0,0,0,0,0,0,0,0,0,0,0,0,0,0,0,0,0,0,0,0,0,0,0,0,0,317,0,0,0,0
"Lepidotrigla sp.1",0,0,0,0,0,0,0,0,0,0,0,0,0,0,0,0,0,0,0,0,0,0,0,0,0,0,0,0,0,0,0,0,0,0,0,0,0,0,0,0,0,0,0,0,0,0,0,0,0,0,0,0,0,0,39,0,0,0,0,0
"Leucopsarion petersii / Priolepis boreus",0,0,0,0,0,0,0,0,0,0,0,0,0,0,0,0,0,0,0,0,0,0,0,0,0,0,0,0,0,0,99,0,0,0,0,0,0,0,0,0,0,0,0,0,0,0,0,0,0,0,0,0,127,113,0,0,0,0,0,349
"Luciogobius pallidus",0,0,0,0,11,0,0,0,0,0,0,0,0,0,0,0,0,0,0,13,0,0,0,0,0,0,0,0,0,0,0,0,0,0,0,0,0,0,0,0,0,0,0,0,0,0,0,0,0,0,0,0,0,0,0,0,0,0,0,0
"Luciogobius sp.1",0,0,0,0,0,0,0,0,19,0,0,0,0,0,0,0,0,148,0,0,0,0,0,0,0,0,0,0,0,0,0,0,0,0,0,0,0,0,0,0,0,0,0,0,0,0,0,0,0,0,0,0,0,0,0,0,0,0,0,0
"Mugil cephalus",42869,4821,18114,26805,40516,36041,68810,33952,38931,41410,15610,57714,23650,7865,22967,41206,24909,23012,27645,39006,6731,4741,6432,9406,2285,10760,14796,15137,36,11882,43959,9098,0,2651,5749,19989,2984,0,9748,7661,17576,7045,5732,5822,7415,2719,0,0,20472,10847,6398,9898,4359,1505,1174,801,447,217,554,1690
"Mugilogobius abei",0,0,49,0,0,34,0,131,167,226,0,126,113,24,0,42,130,0,0,108,0,0,0,0,0,0,0,0,0,0,0,0,0,0,0,0,0,0,0,76,0,0,0,0,0,0,0,0,0,0,0,0,0,0,0,0,0,0,0,0
"Myersina filifer",0,0,0,0,0,0,0,0,0,0,0,0,0,0,0,0,0,0,0,0,0,0,91,110,0,0,0,0,0,0,0,30,0,0,129,0,161,0,0,60,0,0,0,0,0,0,0,0,0,0,27,102,0,0,0,0,0,0,0,0
"Neoclinus bryope",0,0,0,0,0,0,0,0,0,0,0,0,0,0,0,0,0,0,0,0,0,0,146,38,0,0,121,98,0,77,254,971,0,0,223,108,0,0,0,44,1669,0,0,111,0,0,0,0,0,690,38,67,0,0,0,0,0,0,0,0
"Nuchequula nuchalis",112,0,0,0,45,140,0,0,105,216,0,0,108,34,0,0,60,200,144,0,690,0,319,391,0,0,159,239,0,117,68,0,0,0,0,80,0,0,95,370,0,0,0,0,0,0,0,0,0,0,59,445,0,0,0,0,0,0,0,0
"Omobranchus elegans",0,0,0,0,0,0,0,0,0,0,0,0,0,0,0,0,0,204,0,0,200,0,0,14,0,649,0,62,0,0,0,0,0,0,22,0,0,0,0,0,0,0,0,13,0,0,0,0,188,0,0,115,0,0,0,0,0,0,0,0
"Omobranchus punctatus",0,0,0,0,0,0,0,0,0,45,0,0,10,0,0,0,15,0,22,0,0,0,0,0,0,0,0,0,0,0,0,0,0,0,0,0,0,0,0,0,40,0,0,0,0,0,0,0,84,0,0,0,0,0,0,0,0,0,0,0
"Oncorhynchus sp.1",0,0,0,0,0,0,0,0,20,0,0,0,0,12,0,0,0,0,0,0,0,0,0,0,0,0,0,0,0,0,0,0,0,0,0,0,0,0,0,0,0,0,0,0,0,0,0,0,0,0,0,0,0,0,0,0,0,0,0,0
"Onigocia spinosa",0,0,0,0,0,0,0,0,0,0,0,0,0,0,0,0,0,0,0,0,0,0,0,0,0,0,0,0,0,0,0,0,0,0,0,0,0,0,0,0,0,0,0,0,0,0,0,0,0,0,0,0,0,0,140,0,0,0,0,0
"Ophisurus macrorhynchos",0,0,0,0,0,0,0,0,11,42,0,0,0,20,0,0,27,0,0,0,0,0,0,0,136,0,0,0,0,0,0,0,0,0,0,21,0,0,0,41,0,0,0,0,0,0,0,0,0,0,0,0,0,0,0,0,0,57,0,0
"Oplegnathus fasciatus",0,0,0,0,0,0,0,0,0,0,0,0,0,0,0,0,0,0,0,155,0,0,0,0,0,0,0,69,0,0,83,0,0,0,0,0,0,0,215,0,0,0,0,0,0,0,0,0,0,116,0,0,1134,423,1142,795,172,0,0,275
"Oplegnathus punctatus",0,0,0,0,0,0,16,0,0,0,0,0,0,0,0,0,0,0,0,0,0,0,0,0,0,0,0,0,0,0,0,0,0,0,0,0,0,0,0,0,30,0,0,0,0,0,0,0,0,0,0,0,0,0,0,0,0,0,0,0
"Opsariichthys platypus",116,184,57,58,157,425,83,89,238,667,60,47,110,79,255,127,136,0,31,36,0,0,0,0,0,0,0,0,0,0,0,0,0,0,54,0,149,0,0,0,0,0,0,0,0,0,0,0,223,0,0,0,0,0,0,0,0,0,0,0
"Oryzias sp.",0,0,0,0,0,0,0,0,54,0,0,0,12,0,0,0,30,0,0,0,0,0,0,0,0,0,0,0,0,0,0,0,0,0,0,0,0,0,0,0,0,0,0,0,0,0,0,0,0,0,0,0,0,0,0,0,0,0,0,0
"Ostorhinchus notatus",0,0,0,0,0,0,0,0,0,0,0,0,0,0,0,0,0,0,0,0,0,0,0,0,0,0,0,0,0,0,0,0,0,0,0,0,0,0,0,0,0,0,0,0,0,198,0,0,0,0,0,0,0,0,0,0,68,0,0,0
"Ostracion sp.",0,0,0,0,0,0,0,0,0,0,0,0,0,0,0,0,0,0,0,0,0,0,93,0,0,0,0,0,0,0,0,0,0,0,0,0,0,0,0,0,367,241,0,0,0,0,0,0,0,144,0,0,623,199,73,0,0,0,0,0
"Pagrus major",0,0,0,0,0,0,14,12,21,26,0,0,13,0,93,0,10,0,60,0,213,92,683,212,0,636,169,74,0,0,914,97,0,14,204,327,126,0,343,189,181,243,187,85,0,432,0,0,501,1714,1879,446,271,219,322,631,2334,1354,1265,958
"Parablennius yatabei",0,0,0,0,0,0,0,0,0,0,0,0,0,11,0,0,0,0,0,0,199,0,142,0,0,0,155,0,0,223,0,31,0,0,326,35,0,0,24,0,254,886,0,0,0,0,0,0,0,0,0,88,0,0,0,0,0,0,0,0
"Paracentropogon rubripinnis",0,0,0,0,0,0,0,0,0,0,0,0,0,0,33,0,0,0,187,46,0,0,83,130,0,0,441,70,0,0,63,59,0,11,154,190,0,0,253,81,0,0,166,40,0,0,0,0,0,122,278,113,0,0,28,0,0,0,0,0
"Paralichthys olivaceus",12,0,0,0,0,0,0,0,0,0,0,11,0,0,0,0,0,0,32,0,0,0,223,0,0,0,466,35,45,0,470,0,0,0,322,171,0,0,108,160,0,0,63,18,352,163,0,0,0,217,49,0,74,0,46,141,0,0,214,93
"Parapercis multifasciata",0,0,0,0,0,0,0,0,0,0,0,0,0,0,0,0,0,0,0,0,0,0,14,0,0,0,0,0,0,0,0,0,0,0,33,0,0,0,14,0,0,0,0,0,0,0,0,0,0,0,0,0,44,0,0,38,10,0,93,0
"Paraplagusia japonica",0,0,0,0,0,0,0,0,0,0,0,0,0,0,13,0,0,0,0,0,0,0,0,0,0,375,0,14,0,0,0,0,0,0,0,0,0,0,0,0,0,0,0,13,0,0,0,0,0,0,0,44,0,0,0,0,0,0,0,0
"Parapristipoma trilineatum",0,0,0,0,0,0,0,10,0,0,0,0,0,0,0,0,0,0,0,0,0,0,0,0,0,0,0,0,0,0,0,0,0,0,0,0,0,0,0,0,0,530,0,0,0,0,0,0,0,0,0,0,3231,1090,1974,3188,0,0,0,239
"Parioglossus dotui",0,0,0,0,0,0,0,0,0,321,0,23,69,62,177,140,82,580,25,0,0,0,0,0,0,0,0,0,0,0,0,0,0,0,0,0,0,0,0,0,0,0,0,0,0,0,0,0,0,0,0,0,0,0,0,0,0,0,0,0
"Pholis sp.",0,0,0,0,0,0,0,0,0,0,0,0,0,23,109,0,0,184,0,0,0,0,0,0,0,0,0,0,0,0,38,110,0,0,0,0,0,0,0,0,0,0,74,0,0,0,0,0,0,0,0,0,0,0,0,0,0,0,0,0
"Platycephalus sp. MAGOCHI",0,0,0,0,10,0,11,0,34,21,0,0,0,54,124,87,31,80,0,46,133,0,112,0,58,337,0,76,0,31,406,62,0,543,159,216,201,0,0,0,0,0,0,27,104,359,0,0,0,439,69,44,0,0,0,0,0,0,0,0
"Plectorhinchus cinctus",0,0,0,0,0,0,0,0,0,0,0,0,0,0,0,0,0,0,17,0,0,0,0,0,0,0,13,0,0,0,0,0,0,0,0,23,0,0,0,0,0,0,0,0,0,0,0,0,0,262,52,0,116,48,733,0,0,98,0,0
"Pleuronichthys cornutus",0,0,0,0,0,0,15,0,0,0,18,0,0,0,0,0,0,0,0,0,0,0,0,0,0,0,37,0,0,0,0,0,0,0,0,0,0,0,0,0,0,0,0,0,156,0,0,0,0,0,0,0,0,0,0,0,0,0,0,0
"Pleuronichthys japonicus",0,0,0,0,0,0,0,0,0,0,0,0,0,0,0,0,0,0,0,0,0,0,0,0,0,0,0,0,0,0,0,0,0,0,0,34,0,0,0,0,0,0,0,0,0,0,0,0,0,0,0,0,0,0,86,0,0,0,198,0
"Plotosus japonicus",0,0,0,0,0,0,0,0,0,0,0,0,0,15,0,14,0,38,0,0,985,25,142,136,0,1031,467,37,0,754,194,17,0,74,147,122,354,0,236,126,106,509,45,48,103,630,0,0,179,739,116,249,791,80,454,304,576,395,1247,419
"Pomacentrus coelestis",0,0,0,0,0,0,0,0,0,0,0,0,0,0,0,0,0,0,0,0,0,0,0,0,0,0,0,0,0,0,0,0,0,0,0,0,0,0,0,27,0,0,0,0,0,0,0,0,0,0,0,0,0,65,0,0,0,0,0,0
"Pseudoblennius percoides",0,0,0,0,0,0,0,0,0,0,0,0,0,0,0,0,0,0,0,0,498,0,453,0,0,0,325,123,0,1253,0,0,0,0,0,0,0,0,0,120,0,0,0,0,0,936,0,0,897,0,24,0,0,0,0,0,0,0,0,0
"Pseudolabrus eoethinus",0,0,0,0,0,0,0,0,0,0,0,0,0,0,0,0,0,0,0,0,0,0,0,60,0,477,0,0,0,0,0,0,0,0,0,0,0,0,0,0,0,419,0,0,0,460,0,0,0,0,0,0,0,0,0,61,0,0,0,705
"Pseudolabrus sieboldi",0,0,0,0,0,0,0,0,0,0,0,0,0,57,0,0,0,60,14,0,3554,791,226,132,0,0,0,59,0,902,0,0,0,262,0,76,353,0,197,113,446,684,0,28,129,174,0,0,0,121,0,285,3292,1729,4456,3287,264,145,174,1586
"Pseudopleuronectes / Pleuronectes / Hippoglossoides",0,0,0,0,0,0,0,0,0,0,0,0,0,0,0,0,0,0,0,0,0,0,526,12,41,0,0,62,0,0,166,58,0,0,0,201,0,0,39,0,0,0,36,0,0,0,0,0,0,0,0,0,0,0,0,0,0,0,0,0
"Pseudorasbora parva",0,0,0,0,0,0,0,0,15,0,0,0,0,0,0,0,0,0,0,27,0,0,0,0,0,0,0,0,0,0,0,0,0,0,0,0,0,0,0,0,0,0,0,0,0,0,0,0,0,0,0,0,0,0,0,0,0,0,0,0
"Pterogobius elapoides",0,0,0,0,0,0,0,0,0,0,0,0,0,0,0,0,0,0,268,85,0,0,51,0,0,876,0,0,0,94,186,27,0,0,0,0,0,0,45,0,0,0,0,0,0,0,0,0,203,0,0,0,0,0,0,0,0,0,0,0
"Pterogobius virgo",0,0,0,0,0,0,0,0,0,0,0,0,0,0,0,0,0,0,51,0,0,0,0,0,0,0,35,0,0,0,0,0,0,0,0,0,0,0,0,0,0,0,0,0,0,315,0,0,0,89,29,44,244,0,0,0,0,0,146,184
"Pterogobius zonoleucus",0,0,0,0,0,0,0,0,0,0,0,0,0,0,0,0,0,0,0,0,0,0,0,0,0,0,0,0,0,0,0,0,0,226,0,32,0,0,0,0,0,0,0,0,0,0,0,0,0,0,0,81,0,0,0,0,0,0,0,0
"Redigobius bikolanus",12,0,22,0,190,62,31,11,202,440,0,25,108,51,47,46,121,0,12,87,0,0,69,0,3150,0,0,0,0,0,0,0,0,0,0,0,0,0,0,33,0,0,0,0,55,0,0,0,0,0,0,0,0,0,0,0,0,0,0,0
"Repomucenus curvicornis / Calliurichthys japonicus",0,0,0,0,0,0,0,0,0,0,0,0,0,0,0,0,0,103,0,0,0,0,0,0,0,0,0,14,0,0,80,0,0,0,0,32,121,0,0,0,0,0,0,0,0,0,0,0,0,263,17,66,0,0,0,0,0,0,0,0
"Repomucenus sp.1",0,0,0,0,0,0,0,0,0,0,0,0,0,36,0,0,0,0,0,0,0,0,0,0,45,297,0,0,0,0,0,0,0,0,0,0,0,0,0,0,61,0,0,0,0,0,0,0,0,0,0,0,0,0,0,0,0,0,0,0
"Repomucenus valenciennei",0,0,0,0,0,0,0,0,0,0,0,0,0,0,0,0,0,0,0,16,298,35,264,93,0,0,335,54,0,0,29,0,0,0,0,0,0,0,263,255,0,0,0,0,0,103,0,0,0,71,45,103,0,0,0,0,0,0,0,0
"Rhinogobius giurinus",20,12,202,10,49,22,168,64,42,36,10,21,38,0,0,0,22,0,0,0,0,0,0,0,0,0,0,0,0,0,0,0,0,0,0,0,0,0,0,0,0,0,0,0,0,0,0,0,0,210,0,0,0,0,0,0,0,0,0,0
"Rhinogobius sp.1",15,21,0,0,236,66,0,0,179,163,0,0,129,0,0,0,123,0,0,0,0,0,0,0,0,0,0,0,0,204,0,0,0,0,0,0,0,0,0,0,0,0,0,0,0,0,0,0,0,0,0,0,0,0,0,0,0,0,0,0
"Rhynchocypris lagowskii steindachneri",0,0,0,0,0,0,0,0,0,0,0,0,0,0,0,0,0,103,0,0,0,0,0,0,0,0,0,0,0,0,0,0,0,0,0,0,0,0,0,0,0,0,0,0,0,0,0,0,0,0,0,0,0,0,0,0,0,0,0,0
"Rhynchopelates oxyrhynchus",59,0,0,20,95,70,115,18,325,1417,0,253,2109,519,820,1428,2034,1058,1263,2426,0,162,0,42,0,0,0,12,0,0,53,205,0,0,0,0,0,0,0,0,1136,0,42,0,156,0,0,0,893,423,0,0,0,0,0,0,0,0,0,0
"Rudarius ercodes",0,0,0,0,0,0,0,0,0,0,0,0,0,32,0,0,0,425,0,0,0,0,0,234,69,1000,0,82,0,0,0,83,0,0,276,0,121,0,81,70,0,67,0,0,0,0,0,0,103,0,63,601,0,0,0,0,0,0,0,0
"Sagamia geneionema",0,0,0,0,0,0,0,0,0,0,0,0,0,12,64,0,0,329,67,0,416,157,501,397,132,2124,276,209,0,352,605,16,0,0,134,332,0,0,544,27,300,0,23,15,423,387,0,0,632,530,2681,1079,94,46,92,0,0,189,703,316
"Sardinella lemuru",0,0,0,0,0,0,12,0,31,378,0,0,105,451,250,0,184,834,664,37,0,136,1092,373,38,257,423,212,0,21,287,24,0,0,275,0,56,0,541,386,0,260,63,66,0,0,0,0,119,271,194,91,0,0,0,0,0,0,0,0
"Sardinops melanostictus",0,0,0,0,0,0,26,10,164,761,0,55,321,1933,1048,158,650,2596,909,124,0,88,210,72,0,0,384,122,0,0,463,30,0,39,533,0,258,0,153,381,0,429,306,94,122,160,0,0,367,150,285,213,111,0,0,0,611,213,774,720
"Saurida sp.2",0,0,0,0,0,0,0,0,0,0,0,0,0,0,0,0,0,0,0,0,0,0,0,0,0,0,0,0,0,0,0,0,0,0,0,0,0,0,0,0,0,270,0,0,0,0,0,0,0,0,0,0,0,0,0,0,0,0,0,0
"Scomber sp.",0,0,24,0,0,0,0,13,0,0,0,54,0,60,926,229,13,41,1789,374,5215,4494,26955,9778,495,1021,16061,4302,0,82,8290,776,0,597,10348,2023,171,0,13832,6088,281,7498,2736,1595,2980,4815,0,0,4573,11186,3374,5047,0,0,148,0,0,552,1142,877
"Scomberoides lysan",19,0,0,0,10,0,0,0,0,0,0,0,0,0,0,0,13,0,0,0,0,0,0,0,0,203,0,0,0,0,0,0,0,0,0,0,0,0,0,0,0,0,0,0,0,0,0,0,0,0,0,0,0,0,0,0,0,0,0,0
"Scorpaena miostoma",0,0,0,0,0,0,0,0,0,0,0,0,0,0,0,0,0,0,0,0,0,0,0,0,0,0,0,0,0,0,132,0,0,0,84,39,0,0,0,0,0,0,0,0,0,0,0,0,0,0,0,0,0,0,0,337,0,110,0,0
"Scorpaenodes evides",0,0,0,0,0,0,0,0,0,0,0,0,0,0,0,0,0,0,0,0,0,0,0,0,0,0,0,0,0,0,0,0,0,0,136,0,0,0,134,0,0,0,0,0,0,0,0,0,0,0,0,0,631,89,0,0,0,0,0,0
"Sebastes sp.1",0,0,0,0,0,0,0,0,0,0,0,0,0,17,0,0,25,421,0,0,274,0,0,0,751,0,0,0,0,637,0,0,0,512,0,0,196,0,0,0,94,0,0,0,316,1400,0,0,0,0,0,0,219,139,864,0,0,0,0,0
"Sebastiscus marmoratus",0,0,0,0,0,0,0,0,34,0,0,0,0,14,0,130,0,177,431,0,0,340,1298,947,77,0,1657,556,0,505,1087,30,0,156,1590,1599,105,0,728,888,476,2143,1815,241,387,489,0,0,2025,2168,755,1622,1667,1125,1991,4619,343,676,1254,973
"Semicossyphus reticulatus",0,0,0,0,0,0,0,0,0,0,0,0,0,0,0,0,0,105,58,0,0,0,0,0,0,0,0,0,0,0,0,0,0,0,0,31,0,0,0,0,0,0,0,0,0,0,0,0,73,141,0,0,0,0,0,309,0,201,0,0
"Seriola dumerili",0,0,0,0,0,0,0,0,0,0,0,0,0,0,0,0,0,0,0,0,0,0,0,0,0,0,0,0,0,0,0,0,0,0,0,0,0,0,0,0,0,0,0,0,0,207,0,0,0,0,0,0,0,0,0,0,0,0,0,0
"Seriola quinqueradiata",0,0,11,0,0,0,0,0,0,0,0,0,0,0,173,0,0,45,139,68,600,162,334,119,99,481,223,106,0,87,405,11,0,0,357,54,162,0,283,93,0,600,26,13,20,216,0,0,147,409,67,791,247,0,102,136,249,205,695,114
"Siganus sp.",0,0,0,0,0,0,0,0,0,86,0,0,0,12,0,0,14,189,0,0,457,0,0,0,0,554,0,0,0,252,0,0,0,2089,0,0,0,0,0,0,1792,493,0,0,381,451,0,0,0,0,0,79,423,260,2529,162,0,0,0,0
"Sillago japonica",0,0,0,0,0,0,0,0,0,201,0,37,0,121,668,0,0,653,1095,30,0,732,1335,903,913,1567,3312,1017,23,1392,1293,744,0,0,1604,2608,583,0,2577,1036,1219,2721,259,727,281,245,0,0,546,1757,1065,1749,144,91,0,0,0,0,0,0
"Sphyraena pinguis",0,0,0,0,0,0,0,0,0,0,0,0,0,0,0,0,0,0,66,0,6603,1689,129,276,0,969,254,66,0,241,0,0,0,0,0,62,0,0,74,25,390,1982,181,20,0,0,0,0,204,0,166,66,0,0,0,0,0,0,327,0
"Squatina japonica",0,0,0,0,0,0,0,0,0,0,0,0,0,0,0,0,0,0,0,0,0,0,0,0,0,0,0,0,0,0,0,0,0,0,0,0,0,0,0,0,0,0,0,0,0,0,0,0,0,0,0,0,0,0,0,0,28,0,0,0
"Stephanolepis cirrhifer",0,0,0,0,0,0,0,0,0,0,0,0,0,117,0,0,0,0,30,0,847,217,193,101,33,0,163,58,0,279,153,12,0,507,91,0,0,0,107,0,90,1189,64,48,0,0,0,0,621,101,73,240,451,73,833,466,419,152,591,1521
"Stephanolepis sp.",0,0,0,0,23,0,0,0,0,0,0,0,0,0,0,0,0,0,0,0,0,0,0,279,0,0,0,0,0,0,0,0,0,0,11,0,0,0,44,0,0,0,0,0,0,0,0,0,0,0,0,0,0,0,0,0,250,0,0,0
"Stethojulis terina",0,0,0,0,0,0,0,0,0,0,0,0,0,0,0,0,0,0,0,0,0,0,0,0,0,0,0,0,0,0,0,0,0,0,0,0,0,0,0,0,0,0,0,0,0,251,0,0,0,0,0,0,0,57,139,0,0,82,0,0
"Symphurus cf microrhynchus",0,0,0,0,0,0,0,0,0,0,0,0,0,0,0,0,0,0,0,0,0,0,0,0,0,0,0,0,0,0,0,0,0,0,0,0,0,0,0,0,0,0,0,0,0,0,0,0,0,0,0,0,0,0,13,45,0,0,0,0
"Takifugu / Lagocephalus",0,0,0,0,0,0,0,0,0,0,0,0,0,20,0,0,0,0,0,0,0,172,0,120,0,0,220,0,0,0,238,0,0,0,0,0,0,0,0,0,0,0,77,0,0,0,0,0,130,0,51,118,0,0,0,0,0,0,0,0
"Takifugu sp.1",393,189,0,0,493,1609,0,0,3136,2719,0,0,2145,1105,0,0,2016,4437,0,0,1643,1232,0,0,1413,3930,0,0,19,9026,0,0,0,2250,0,0,123,0,0,0,5778,2686,0,0,2143,0,0,0,0,0,0,0,400,174,61,63,0,0,0,0
"Takifugu sp.3",0,0,0,0,0,0,0,0,0,0,0,0,0,0,0,0,0,0,0,0,0,0,0,0,0,0,0,0,0,0,0,0,0,0,0,0,0,0,0,0,0,0,0,0,497,688,0,0,0,0,0,0,0,0,0,0,0,0,0,0
"Terapon jarbua",22,10,0,0,0,65,0,0,0,0,33,0,0,0,0,0,0,0,0,0,0,0,0,0,0,0,0,0,0,0,0,0,0,0,0,0,0,0,0,0,0,0,0,0,0,0,0,0,0,0,0,0,0,0,0,0,0,0,0,0
"Thamnaconus modestus",0,0,0,0,0,0,0,0,0,0,0,0,0,0,0,0,0,0,0,0,0,800,0,0,0,0,59,60,0,0,49,0,0,0,0,37,0,0,0,0,0,0,11,0,0,0,0,0,809,0,0,0,0,0,374,0,0,0,0,0
"Thunnus sp.1",10,0,711,169,0,0,270,232,44,0,276,53,0,0,0,54,0,0,0,159,0,0,125,0,0,0,0,0,0,0,0,0,0,0,0,0,0,0,0,0,0,0,0,29,0,0,0,0,0,0,0,0,0,0,0,0,0,0,0,0
"Trachurus sp.1",0,0,0,0,10,0,0,0,78,143,0,0,71,113,0,0,92,16969,0,0,6803,3509,0,0,341,1486,0,0,0,519,0,0,0,0,0,0,814,0,0,0,3887,3466,0,0,499,135,0,0,0,0,0,0,103,98,0,1252,0,0,0,0
"Trachurus trachurus",0,0,0,0,0,0,0,0,0,0,0,0,0,0,0,0,0,0,0,0,0,0,0,0,0,0,0,0,0,0,0,0,0,0,0,0,0,0,0,0,0,0,0,0,0,0,0,0,0,0,0,0,0,0,10,0,0,0,0,0
"Tribolodon sp.",0,0,214,17,28,0,24,60,43,22,31,0,0,0,0,32,0,0,35,0,0,0,0,0,0,0,32,0,0,0,0,0,0,0,0,0,0,0,0,0,0,0,0,0,0,0,0,0,0,0,0,0,0,0,0,0,0,0,0,0
"Trichiurus lepturus",0,0,0,0,0,0,0,0,0,0,0,0,0,0,0,0,0,174,0,0,0,51,112,63,0,13,89,19,0,0,124,0,0,0,65,24,0,0,110,13,0,0,0,12,0,0,0,0,0,225,18,94,0,0,17,0,0,31,0,0
"Tridentiger sp.1",632,394,0,0,3093,2761,0,0,7542,8046,0,0,3585,747,0,0,3895,2564,0,0,0,571,0,0,0,0,0,0,0,0,0,0,0,0,0,0,156,0,0,0,48,1093,0,0,101,143,0,0,0,0,0,0,0,0,0,0,0,0,0,0
"Tridentiger trigonocephalus",0,0,0,0,0,0,31,25,628,1213,0,175,580,1080,1969,1913,1154,2392,2179,1247,251,0,125,1118,0,0,46,690,0,167,34,393,0,653,107,516,191,0,0,405,717,0,49,105,96,0,0,0,356,357,0,467,0,0,0,0,0,0,0,0
"Upeneus japonicus",0,0,0,0,0,0,0,0,0,0,0,0,0,0,0,0,0,0,0,0,0,0,0,0,0,0,47,0,0,0,0,0,0,128,0,0,0,0,0,0,0,0,0,0,74,0,0,0,0,0,0,0,0,0,0,0,0,139,0,0
"Zoarchias glaber",0,0,0,0,0,0,0,0,0,0,0,0,0,0,0,0,0,0,0,0,0,0,0,45,0,0,84,0,0,0,257,329,0,0,0,310,0,0,0,0,495,0,179,117,0,0,0,0,321,0,0,100,0,0,78,0,0,0,168,0
"Zoarchias neglectus",0,0,0,0,0,0,0,0,0,0,0,0,0,0,92,0,0,0,0,0,0,0,0,0,0,0,106,143,0,0,0,2537,0,0,88,460,0,0,0,0,0,0,291,77,0,0,0,0,70,0,0,244,0,0,0,179,0,0,0,0
"Acropoma japonicum",0,0,0,0,0,0,0,0,0,0,0,0,0,0,0,0,0,0,0,0,0,0,0,0,0,0,0,0,0,0,0,0,0,0,0,0,0,0,0,0,0,0,0,0,0,0,0,0,0,0,0,0,0,0,0,0,0,232,0,244
"Aluterus sp.",0,0,0,0,0,0,0,0,0,0,0,0,0,0,0,0,0,0,0,0,0,0,0,0,0,0,0,0,0,0,0,0,0,0,0,0,0,0,0,0,0,0,0,0,0,0,0,0,0,0,0,0,0,0,0,0,0,0,0,136
"Amblychaeturichthys sciistius",0,0,0,0,0,0,0,0,0,0,0,0,0,0,0,0,0,0,0,0,0,0,0,0,0,0,0,0,0,0,0,0,0,0,0,0,0,0,0,15,0,0,0,0,0,0,0,0,0,0,0,0,0,0,0,0,0,0,0,0
"Apogonichthyoides niger",0,0,0,0,0,0,0,0,0,0,0,0,0,0,0,0,0,0,0,0,0,0,151,0,0,0,0,118,0,0,0,0,0,0,0,0,0,0,0,86,0,0,0,15,0,0,0,0,0,0,0,0,0,0,0,0,0,0,0,0
"Arothron sp.",0,0,0,0,0,0,0,0,0,0,0,0,0,0,0,0,0,0,0,0,0,0,0,0,0,0,0,0,0,0,0,41,0,0,0,0,0,0,0,0,0,0,0,0,0,0,0,0,0,0,0,0,0,0,0,0,0,0,0,0
"Atherion elymus",0,0,0,0,0,0,0,0,0,0,0,0,0,0,0,0,0,0,0,0,0,0,48,0,0,0,0,0,0,0,0,0,0,0,0,0,0,0,0,0,0,0,0,0,0,0,0,0,0,109,0,0,0,0,0,0,0,0,0,0
"Auxis rochei",0,0,0,0,0,0,0,0,0,0,0,0,0,0,0,70,0,0,0,149,0,0,133,0,0,0,58,0,0,0,0,0,0,0,132,0,0,0,56,0,0,0,0,0,0,0,0,0,0,0,0,0,0,0,0,0,138,0,0,145
"Brachysomophis crocodilinus",0,0,0,0,0,0,0,0,0,0,0,0,0,0,0,0,0,0,0,0,0,0,0,0,0,0,0,0,0,0,0,0,0,0,0,0,0,0,0,0,0,0,0,0,0,0,0,0,0,0,0,0,0,0,0,0,0,0,132,0
"Branchiostegus japonicus",0,0,0,0,0,0,0,0,0,0,0,0,0,0,0,0,0,0,0,0,0,0,103,151,0,0,0,0,0,0,0,0,0,0,0,0,0,0,0,0,0,0,0,0,0,0,0,0,0,0,0,0,0,0,0,0,0,0,0,0
"Bregmaceros atlanticus",0,0,0,0,0,0,0,0,0,0,0,0,0,0,0,0,0,0,0,0,0,0,0,0,0,0,0,11,0,0,0,0,0,0,0,0,0,0,0,0,0,0,0,0,0,0,0,0,0,0,0,0,0,0,0,0,0,0,0,0
"Caprodon schlegelii",0,0,0,0,0,0,0,0,0,0,0,0,0,0,0,0,0,0,0,0,0,0,0,0,0,0,0,0,0,0,0,0,0,0,0,0,0,0,0,0,0,0,0,18,0,0,0,0,0,0,0,0,0,0,0,0,0,0,0,0
"Carassius spp.",0,0,0,73,0,0,0,0,0,0,0,0,0,0,0,0,0,0,0,0,0,0,0,0,0,0,66,0,0,0,0,0,0,0,0,0,0,0,0,0,0,0,0,0,0,0,0,0,240,0,0,0,0,0,0,0,0,0,0,0
"Chaenogobius gulosus",0,0,0,0,0,0,0,0,0,0,0,0,0,0,0,0,0,0,0,0,0,0,0,0,0,0,0,67,0,0,0,0,0,0,0,0,0,0,0,0,0,0,0,0,0,0,0,0,0,0,0,0,0,0,0,0,0,0,0,0
"Chelidonichthys sp.",0,0,0,0,0,0,0,0,0,0,0,0,0,0,54,0,0,0,149,0,0,0,182,47,0,0,0,0,0,0,0,0,0,0,92,58,0,0,184,0,0,0,0,0,0,0,0,0,0,0,0,78,0,0,0,0,0,0,800,518
"Choerodon azurio",0,0,0,0,0,0,0,0,0,0,0,0,0,0,0,0,0,0,0,0,0,0,0,0,0,0,0,0,0,0,0,0,0,0,0,0,0,0,0,0,0,0,0,0,0,0,0,0,0,204,0,0,0,0,0,0,0,0,0,0
"Clariger cosmurus",0,0,0,0,0,0,0,0,0,0,0,0,0,0,0,0,0,0,0,0,0,0,0,0,0,0,0,0,0,0,0,0,0,0,0,71,0,0,0,0,0,0,0,0,0,0,0,0,0,238,0,0,0,0,0,0,0,0,0,0
"Clupea pallasii",0,0,41,0,0,0,0,0,0,0,0,0,0,0,0,0,0,0,0,0,0,0,0,0,0,0,0,0,0,0,0,0,0,0,0,0,0,0,0,0,0,0,0,0,0,0,0,0,0,0,0,0,0,0,0,0,0,0,0,0
"Conger erebennus",0,0,0,0,0,0,0,0,0,0,0,0,0,0,0,0,0,0,0,0,0,0,0,0,0,0,0,0,0,0,0,0,0,0,0,0,0,0,0,0,0,0,0,0,0,0,0,0,0,0,0,0,0,0,0,0,0,38,0,0
"Cyclothone atraria",0,0,0,0,0,0,0,0,0,0,0,0,0,0,0,0,0,0,0,0,0,0,0,0,0,0,0,24,0,0,0,0,0,0,0,0,0,0,0,0,0,0,0,0,0,0,0,0,0,149,0,0,0,0,0,0,0,0,0,0
"Cynoglossus interruptus",0,0,0,0,0,0,0,0,0,0,0,0,0,0,0,0,0,0,0,0,0,0,0,0,0,0,0,0,0,0,0,0,0,0,0,0,0,0,0,0,0,0,0,0,0,0,0,0,0,0,0,0,0,0,0,0,37,0,0,0
"Diaphus chrysorhynchus",0,0,0,0,0,0,0,0,0,0,0,0,0,0,162,0,0,0,57,0,0,0,2021,707,0,0,2145,518,0,0,1299,54,0,0,1157,86,0,0,1591,755,0,0,105,31,0,0,0,0,326,1428,211,357,0,0,0,0,0,0,0,303
"Diaphus sp",0,0,0,0,0,0,0,0,0,0,0,0,0,0,0,0,0,0,0,0,0,0,0,0,0,0,0,0,0,0,0,0,0,0,0,0,0,0,0,0,0,0,0,0,0,0,0,0,0,0,0,0,0,0,0,0,296,0,503,0
"Diaphus suborbitalis",0,0,0,0,0,0,0,0,0,0,0,0,0,0,0,0,0,0,0,0,0,0,0,0,0,0,0,0,0,0,0,0,0,0,69,0,0,0,0,0,0,0,0,0,0,0,0,0,0,0,0,0,0,0,0,0,0,276,0,574
"Diplospinus multistriatus",0,0,0,0,0,0,0,0,0,0,0,0,0,0,0,0,0,0,0,0,0,0,0,0,0,0,0,28,0,0,0,0,0,0,0,0,0,0,0,0,0,0,0,0,0,0,0,0,0,0,0,0,0,0,0,0,0,0,0,0
"Ditrema sp.",0,0,0,0,0,0,0,0,0,0,0,52,0,0,492,56,0,0,492,54,0,0,640,614,0,0,1098,209,0,0,454,176,0,0,436,90,0,0,572,298,0,0,79,158,0,0,0,0,622,392,734,317,0,0,0,0,326,0,0,0
"Enneapterygius etheostomus",0,0,0,0,0,0,0,0,0,0,0,0,0,0,0,0,0,0,0,0,0,0,0,0,0,0,0,0,0,0,0,0,0,0,0,0,0,0,0,0,0,0,0,15,0,0,0,0,0,0,0,0,0,0,0,0,0,0,0,0
"Eopsetta grigorjewi",0,0,0,0,0,0,0,0,0,0,0,0,0,0,0,0,0,0,0,0,0,0,0,0,0,0,0,0,0,0,0,0,0,0,0,0,0,0,0,0,0,0,0,0,0,0,0,0,0,0,17,0,0,0,0,0,0,0,0,0
"Epinephelus septemfasciatus",0,0,0,0,0,0,0,0,0,0,0,0,0,0,0,0,0,0,15,0,0,0,0,0,0,0,0,0,0,0,91,0,0,0,0,0,0,0,0,17,0,0,0,0,0,0,0,0,0,0,0,0,0,0,0,0,0,0,0,0
"Euthynnus affinis",0,0,181,121,0,0,84,232,0,0,152,38,0,0,0,0,0,0,0,33,0,0,0,0,0,0,0,0,0,0,0,0,0,0,0,0,0,0,0,0,0,0,0,0,0,0,0,0,0,0,0,0,0,0,0,0,0,0,0,0
"Gadus sp.",0,0,40,0,0,0,20,0,0,0,12,18,0,0,0,0,0,0,54,36,0,0,161,154,0,0,0,25,0,0,86,0,0,0,19,0,0,0,177,135,0,0,0,0,0,0,0,0,0,28,46,0,0,0,0,0,0,0,0,0
"Gerres sp.",0,0,0,0,0,0,0,0,0,0,0,0,0,0,0,0,0,0,0,178,0,0,0,40,0,0,0,0,0,0,0,83,0,0,0,0,0,0,0,49,0,0,0,0,0,0,0,0,0,0,0,0,0,0,0,0,0,0,0,0
"Gonorynchus abbreviatus",0,0,0,0,0,0,0,0,0,0,0,0,0,0,0,0,0,0,0,0,0,0,0,0,0,0,0,0,0,0,0,0,0,0,0,0,0,0,0,0,0,0,0,0,0,0,0,0,0,0,0,0,0,0,0,0,0,209,0,0
"Gymnocranius griseus",0,0,0,0,0,0,0,0,0,0,0,0,0,0,0,0,0,0,0,0,0,0,0,0,0,0,0,0,0,0,0,0,0,0,0,0,0,0,0,0,0,0,0,0,0,0,0,0,397,0,0,0,0,0,0,0,0,0,0,0
"Heteromycteris japonicus",0,0,0,0,0,0,0,0,0,0,0,0,0,0,0,0,0,0,0,0,0,0,0,0,0,0,70,0,0,0,0,0,0,0,0,0,0,0,0,44,0,0,0,0,0,0,0,0,0,0,0,0,0,0,0,0,0,0,232,0
"Hexagrammos otakii",0,0,0,0,0,0,0,0,0,0,0,0,0,0,0,0,0,0,0,0,0,0,0,0,0,0,0,0,0,0,54,29,0,0,101,0,0,0,283,0,0,0,208,0,0,0,0,0,197,0,0,28,0,0,0,0,0,0,0,0
"Hexagrammos sp.",0,0,0,0,0,0,0,0,0,0,0,0,0,0,0,0,0,0,0,0,0,0,0,105,0,0,0,0,0,0,146,276,0,0,0,43,0,0,0,0,0,0,36,0,0,0,0,0,801,0,0,98,0,0,0,0,0,0,0,0
"Hippocampus coronatus",0,0,0,0,0,0,0,0,0,0,0,0,0,0,0,0,0,0,0,0,0,0,0,0,0,0,0,0,0,0,0,0,0,0,0,0,0,0,0,0,0,0,0,0,0,0,0,0,60,0,0,0,0,0,0,0,0,0,0,0
"Hippocampus mohnikei",0,0,0,0,0,0,0,0,0,0,0,0,0,0,0,0,0,0,0,0,0,0,0,0,0,0,0,0,0,0,0,0,0,0,0,100,0,0,0,0,0,0,0,0,0,0,0,0,0,0,0,0,0,0,0,0,0,0,0,0
"Hyperoglyphe / Seriolella",0,0,0,0,0,0,0,0,0,0,0,0,0,0,0,0,0,0,27,0,0,0,0,0,0,0,0,0,0,0,0,0,0,0,0,0,0,0,43,0,0,0,0,0,0,0,0,0,0,0,0,0,0,0,0,0,0,0,0,0
"Jaydia carinatus",0,0,0,0,0,0,0,0,0,0,0,0,0,0,0,0,0,0,0,0,0,0,0,0,0,0,0,0,0,0,0,0,0,0,0,0,0,0,0,0,0,0,0,0,0,0,0,0,0,0,0,0,0,0,0,0,0,183,0,0
"Kareius bicoloratus",0,0,0,0,0,0,0,0,0,0,0,0,0,0,0,0,0,0,0,0,0,0,0,0,0,0,0,0,0,0,0,17,0,0,0,0,0,0,0,0,0,0,0,0,0,0,0,0,0,0,0,0,0,0,0,0,0,0,0,0
"Labracoglossa argenteiventris",0,0,0,0,0,0,0,0,0,0,0,0,0,0,0,0,0,0,0,0,0,0,0,0,0,0,0,0,0,0,0,0,0,0,0,0,0,0,0,0,0,0,0,0,0,0,0,0,0,0,0,0,0,0,0,0,0,0,62,0
"Laemonema longipes",0,0,0,0,0,0,0,0,0,0,0,0,0,0,0,0,0,0,0,0,0,0,47,0,0,0,0,0,0,0,124,0,0,0,0,0,0,0,0,0,0,0,0,13,0,0,0,0,0,0,0,0,0,0,0,0,102,81,0,114
"Lepadichthys frenatus",0,0,0,0,0,0,0,0,0,0,0,0,0,0,0,0,0,0,0,0,0,0,0,0,0,0,0,0,0,0,0,0,0,0,0,0,0,0,0,0,0,0,0,50,0,0,0,0,0,0,0,0,0,0,0,0,0,0,0,0
"Lepidotrigla sp.",0,0,0,0,0,0,0,0,0,0,0,0,0,0,39,0,0,0,0,0,0,0,0,0,0,0,0,0,0,0,0,0,0,0,0,26,0,0,0,0,0,0,0,0,0,0,0,0,0,0,0,0,0,0,0,0,0,0,0,0
"Liparis punctulatus",0,0,0,0,0,0,0,0,0,0,0,0,0,0,0,0,0,0,0,0,0,0,0,0,0,0,0,0,0,0,16,0,0,0,0,0,0,0,0,0,0,0,0,0,0,0,0,0,291,0,0,0,0,0,0,0,0,0,0,0
"Lophius litulon",0,0,0,0,0,0,10,0,0,0,0,0,0,0,0,0,0,0,0,0,0,0,0,0,0,0,0,0,0,0,0,0,0,0,0,0,0,0,0,0,0,0,0,0,0,0,0,0,0,0,0,0,0,0,0,0,0,0,0,0
"Luciogobius sp.",0,0,0,0,0,0,0,0,0,0,0,0,0,0,23,40,0,0,123,0,0,0,0,0,0,0,0,0,0,0,0,0,0,0,0,0,0,0,0,0,0,0,0,10,0,0,0,0,0,0,0,0,0,0,0,0,0,0,0,0
"Maurolicus japonicus",0,0,0,0,0,0,0,0,0,0,0,0,0,0,0,0,0,0,0,0,0,0,0,0,0,0,0,0,0,0,0,0,0,0,0,0,0,0,0,0,0,0,0,0,0,0,0,0,0,0,0,0,0,0,0,0,0,0,0,100
"Maurolicus muelleri",0,0,0,0,0,0,0,0,0,0,0,0,0,0,0,0,0,0,0,0,0,0,0,0,0,0,0,0,0,0,0,29,0,0,0,0,0,0,0,0,0,0,0,0,0,0,0,0,0,0,0,0,0,0,0,0,0,0,0,203
"Microstomus achne",0,0,0,0,0,0,0,17,0,0,0,0,0,0,0,0,0,0,0,0,0,0,0,0,0,0,0,0,0,0,0,0,0,0,0,0,0,0,0,0,0,0,0,0,0,0,0,0,0,0,0,0,0,0,0,0,0,0,0,0
"Mustelus manazo",0,0,0,0,0,0,0,0,0,0,0,0,0,0,0,0,0,0,0,0,0,0,0,19,0,0,0,0,0,0,0,0,0,0,0,0,0,0,0,0,0,0,0,0,0,0,0,0,0,0,0,0,0,0,0,0,0,0,0,0
"Myliobatis tobijei",0,0,0,0,0,0,0,0,0,0,0,0,0,0,0,0,0,0,0,0,0,0,0,0,0,0,15,0,0,0,0,0,0,0,0,0,0,0,12,0,0,0,0,0,0,0,0,0,0,0,0,0,0,0,0,0,0,0,0,0
"Nannobrachium sp.",0,0,0,0,0,0,0,0,0,0,0,0,0,0,0,0,0,0,21,0,0,0,0,0,0,0,0,0,0,0,0,0,0,0,0,0,0,0,0,0,0,0,0,0,0,0,0,0,0,0,0,0,0,0,0,0,0,0,0,0
"Notoscopelus japonicus",0,0,0,0,0,0,0,0,0,0,0,0,0,0,0,0,0,0,0,0,0,0,0,0,0,0,0,0,0,0,0,0,0,0,0,0,0,0,0,0,0,0,60,0,0,0,0,0,0,0,0,0,0,0,0,0,0,0,0,0
"Oncorhynchus kisutch",0,0,0,0,0,0,0,0,0,0,0,0,0,0,0,0,0,0,0,0,0,0,0,0,0,0,37,0,0,0,0,0,0,0,77,0,0,0,0,0,0,0,0,0,0,0,0,0,0,0,0,0,0,0,0,0,0,0,0,0
"Oncorhynchus sp.",0,0,0,0,0,0,0,0,0,0,0,0,0,0,0,0,0,0,0,0,0,0,0,0,0,0,0,0,0,0,0,0,0,0,0,0,0,0,0,78,0,0,0,0,0,0,0,0,0,0,0,0,0,0,0,0,0,0,0,0
"Ostorhinchus endekataenia",0,0,0,0,0,0,0,0,0,0,0,0,0,0,0,0,0,0,0,0,0,0,0,0,0,0,0,0,0,0,0,0,0,0,0,0,0,0,0,0,0,0,0,0,0,0,0,0,0,0,0,0,0,0,0,0,0,0,152,143
"Ostorhinchus semilineatus",0,0,0,0,0,0,0,0,0,0,0,0,0,0,0,0,0,0,0,0,0,0,0,0,0,0,42,0,0,0,0,0,0,0,0,0,0,0,41,0,0,0,0,0,0,0,0,0,0,0,0,0,0,0,0,0,0,0,774,103
"Paramonacanthus sp.",0,0,0,0,0,0,0,0,0,0,0,0,0,0,0,0,0,0,0,0,0,0,0,0,0,0,0,0,0,0,0,0,0,0,0,24,0,0,0,0,0,0,0,0,0,0,0,0,0,0,0,0,0,0,0,0,0,0,0,0
"Parupeneus spilurus",0,0,0,0,0,0,0,0,0,0,0,0,0,0,0,0,0,0,0,0,0,0,0,0,0,0,0,0,0,0,99,0,0,0,0,0,0,0,0,0,0,0,0,0,0,0,0,0,0,0,0,0,0,0,0,0,0,0,0,0
"Pempheris schwenkii",0,0,0,0,0,0,0,0,0,0,0,0,0,0,0,0,0,0,0,0,0,0,0,0,0,0,0,0,0,0,0,0,0,0,0,0,0,0,0,0,0,0,0,40,0,0,0,0,0,0,0,0,0,0,0,0,0,0,0,0
"Pennahia argentata",0,0,0,0,0,0,0,0,0,0,0,0,0,0,0,0,0,0,0,0,0,0,0,0,0,0,0,0,0,0,0,0,0,0,0,0,0,0,83,0,0,0,0,0,0,0,0,0,0,0,0,0,0,0,0,0,0,0,0,0
"Petroscirtes breviceps",0,0,0,0,0,0,0,0,0,0,0,0,0,0,0,0,0,0,59,0,0,0,0,0,0,0,0,0,0,0,0,0,0,0,0,0,0,0,0,0,0,0,0,0,0,0,0,0,0,0,0,0,0,0,0,0,0,0,0,0
"Pholis nebulosa",0,0,0,0,0,0,0,0,0,0,0,0,0,0,0,0,0,0,0,0,0,0,0,0,0,0,0,13,0,0,0,0,0,0,0,0,0,0,0,0,0,0,0,0,0,0,0,0,0,0,0,0,0,0,0,0,0,0,0,0
"Plecoglossus altivelis altivelis",0,0,0,0,0,0,0,0,0,0,0,0,0,0,0,0,0,0,0,0,0,0,38,0,0,0,0,42,0,0,224,0,0,0,0,0,0,0,0,0,0,0,0,13,0,0,0,0,33,122,0,46,0,0,0,0,0,0,0,0
"Pleurogrammus azonus",0,0,0,0,0,0,0,0,0,0,0,0,0,0,0,0,0,0,0,0,0,0,114,0,0,0,0,0,0,0,0,0,0,0,0,0,0,0,0,44,0,0,0,0,0,0,0,0,0,0,0,0,0,0,0,0,0,0,0,0
"Polyipnus matsubarai",0,0,0,0,0,0,0,0,0,0,0,0,0,0,0,0,0,0,0,0,0,0,80,0,0,0,0,0,0,0,0,0,0,0,0,0,0,0,0,0,0,0,0,0,0,0,0,0,0,0,0,0,0,0,0,0,0,0,0,0
"Polypterus endlicherii endlicherii",0,0,0,0,0,0,0,0,0,0,0,0,0,0,0,0,0,0,37,0,0,0,0,0,0,0,0,0,0,0,0,0,0,0,287,0,0,0,0,0,0,0,0,0,0,0,0,0,0,0,0,0,0,0,0,0,0,0,0,0
"Priacanthus sagittarius",0,0,0,0,0,0,0,0,0,0,0,0,0,0,0,0,0,0,0,0,0,0,0,0,0,0,0,0,0,0,0,0,0,0,0,0,0,0,0,0,0,0,0,0,0,0,0,0,0,0,0,0,0,0,0,0,245,0,0,0
"Psenopsis anomala",0,0,0,0,0,0,0,0,0,0,0,0,0,0,0,0,0,0,0,0,0,0,0,0,0,0,0,18,0,0,0,0,0,0,0,0,0,0,0,0,0,0,0,0,0,0,0,0,0,0,0,61,0,0,0,0,0,0,0,0
"Psenopsis sp.",0,0,0,0,0,0,0,0,0,0,0,0,0,0,50,0,0,0,236,0,0,0,0,55,0,0,411,51,0,0,362,13,0,0,399,22,0,0,49,30,0,0,148,0,0,0,0,0,0,466,42,106,0,0,0,0,0,0,0,0
"Pseudocaranx dentex",0,0,0,0,0,0,0,0,0,0,0,0,0,0,0,0,0,0,0,0,0,0,0,0,0,0,0,0,0,0,0,0,0,0,0,35,0,0,0,0,0,0,0,0,0,0,0,0,0,0,0,0,0,0,0,0,0,0,0,0
"Pseudorhombus pentophthalmus",0,0,0,0,0,0,0,0,0,0,0,0,0,0,0,0,0,0,0,0,0,0,0,0,0,0,0,0,0,0,0,0,0,0,0,0,0,0,0,0,0,0,0,0,0,0,0,0,0,0,0,0,0,0,0,0,0,41,0,0
"Repomucenus sp.",0,0,0,0,0,0,0,0,0,0,0,0,0,0,0,0,0,0,46,0,0,0,0,0,0,0,0,73,0,0,0,13,0,0,0,67,0,0,0,0,0,0,0,0,0,0,0,0,0,0,0,60,0,0,0,0,0,0,0,0
"Rhabdosargus sarba",0,0,0,0,0,0,0,0,0,0,0,0,0,0,0,0,0,0,0,0,0,0,0,0,0,0,0,64,0,0,0,0,0,0,0,0,0,0,0,0,0,0,0,26,0,0,0,0,0,0,0,0,0,0,0,0,0,0,0,0
"Rhinogobius sp.",0,0,104,84,0,0,51,26,0,0,30,41,0,0,194,30,0,0,109,52,0,0,0,0,0,0,0,0,0,0,0,0,0,0,0,0,0,0,0,0,0,0,0,0,0,0,0,0,0,0,0,11,0,0,0,0,0,0,0,0
"Saurida sp.",0,0,0,0,0,0,0,0,0,0,0,0,0,0,0,0,0,0,0,0,0,0,0,0,0,0,0,0,0,0,0,0,0,0,0,0,0,0,64,0,0,0,0,16,0,0,0,0,0,0,0,0,0,0,0,0,0,0,127,0
"Scomber scombrus",0,0,0,0,0,0,0,0,0,0,0,0,0,0,0,0,0,0,0,0,0,0,2647,593,0,0,944,490,0,0,0,19,0,0,0,0,0,0,0,331,0,0,0,30,0,0,0,0,0,0,358,215,0,0,0,0,0,0,0,0
"Scomberomorus niphonius",0,0,0,0,0,0,0,0,0,0,0,0,0,0,0,84,0,0,0,0,0,0,62,60,0,0,296,13,0,0,255,0,0,0,371,84,0,0,0,0,0,0,0,40,0,0,0,0,123,480,100,18,0,0,0,0,608,141,381,0
"Scombrops sp.",0,0,0,0,0,0,0,0,0,0,0,0,0,0,0,0,0,0,0,50,0,0,226,0,0,0,0,0,0,0,0,0,0,0,0,0,0,0,0,0,0,0,0,42,0,0,0,0,106,63,0,0,0,0,0,0,208,0,0,0
"Sebastes koreanus",0,0,0,0,0,0,0,0,0,0,0,0,0,0,0,0,0,0,0,0,0,0,0,0,0,0,196,0,0,0,0,0,0,0,0,0,0,0,0,0,0,0,0,0,0,0,0,0,0,0,0,0,0,0,0,0,0,0,0,0
"Sebastes sp.",0,0,0,0,0,0,0,0,0,0,0,12,0,0,522,68,0,0,694,33,0,0,2355,1253,0,0,936,603,0,0,1840,1964,0,0,1622,2492,0,0,938,342,0,0,1548,356,0,0,0,0,2241,891,470,1220,0,0,0,0,1065,374,243,284
"Sebastiscus tertius",0,0,0,0,0,0,0,0,0,0,0,0,0,0,0,0,0,0,0,89,0,0,0,0,0,0,0,0,0,0,0,0,0,0,0,0,0,0,0,0,0,0,0,0,0,0,0,0,0,0,0,0,0,0,0,0,0,0,0,0
"Sebastolobus sp.",0,0,0,0,0,0,0,0,0,0,0,71,0,0,78,0,0,0,41,0,0,0,0,0,0,0,0,0,0,0,0,0,0,0,0,0,0,0,0,0,0,0,0,0,0,0,0,0,0,0,0,0,0,0,0,0,0,0,0,0
"Spratelloides gracilis",0,0,0,0,0,0,0,0,0,0,0,0,0,0,0,0,0,0,0,0,0,0,0,0,0,0,0,0,0,0,0,0,0,0,0,0,0,0,0,0,0,0,0,0,0,0,0,0,0,0,0,0,0,0,0,0,0,0,0,209
"Strongylura anastomella",0,0,0,0,0,0,0,0,0,0,0,0,0,0,0,0,0,0,0,0,0,0,0,0,0,0,100,0,0,0,0,0,0,0,0,0,0,0,0,0,0,0,0,0,0,0,0,0,0,0,0,0,0,0,0,0,484,0,1035,132
"Syngnathus schlegeli",0,0,0,0,0,0,0,0,0,0,0,0,0,0,0,0,0,0,0,0,0,0,0,0,0,0,0,0,0,0,0,22,0,0,0,0,0,0,0,0,0,0,0,0,0,0,0,0,0,0,0,0,0,0,0,0,0,0,0,0
"Takifugu sp.",0,0,2567,540,0,0,2415,1333,0,0,1649,2894,0,0,11398,7394,0,0,6447,8008,0,0,1267,2905,0,0,1584,2563,0,0,6720,6593,0,0,3064,1548,0,0,1067,1485,0,0,2122,1079,0,0,0,0,1888,1733,718,1078,0,0,0,0,0,0,546,144
"Thunnus sp.2",0,0,105,0,0,0,0,37,0,0,95,0,0,0,0,0,0,0,0,0,0,0,0,0,0,0,0,38,0,0,0,0,0,0,0,0,0,0,0,0,0,0,0,0,0,0,0,0,0,0,0,0,0,0,0,0,0,0,0,0
"Trachurus sp.",0,0,0,0,0,0,34,0,0,0,16,0,0,0,517,880,0,0,1152,596,0,0,8745,4804,0,0,6735,2816,0,0,4832,370,0,0,3538,992,0,0,5977,8597,0,0,1151,20197,0,0,0,0,4229,7059,2915,4673,0,0,0,0,412,99,585,97
"Triacanthus biaculeatus",0,0,0,0,0,0,0,0,0,0,0,0,0,0,0,0,0,0,0,0,0,0,0,0,0,0,0,0,0,0,0,0,0,0,0,0,0,0,0,0,0,0,0,0,0,0,0,0,0,0,0,0,0,0,0,0,238,0,0,0
"Tridentiger sp.",0,0,6703,2211,0,0,3923,3325,0,0,4143,2944,0,0,2279,5550,0,0,1648,5784,0,0,0,400,0,0,190,365,0,0,65,56,0,0,0,0,0,0,220,161,0,0,103,27,0,0,0,0,521,298,58,74,0,0,0,0,0,0,0,0
"Vinciguerria / Woodsia",0,0,0,0,0,0,0,0,0,0,0,0,0,0,0,0,0,0,0,0,0,0,0,0,0,0,0,0,0,0,0,0,0,0,0,0,0,0,0,0,0,0,71,0,0,0,0,0,0,0,0,0,0,0,0,0,0,0,0,0
